,file,1,2,3,4,5,6,7,8,9,10,11,12,13,14,15,16,17,18,19,20,21,22,23,24,25,26,27,28,29,30,31,32,33,34,35,36,37,38,39,40,41,42,43,44,45,46,47,48,49,50,51,52,53,54,55,56,57,58,59,60,61,62,63,64,65,66,67,68,69,70,71,72,73,74,75,76,77,78,79,80,81,82,83,84,85,86,87,88,89,90,91,92,93,94,95,96,97,98,99,100,101,102,103,104,105,106,107,108,109,110,111,112,113,114,115,116,117,118,119,120,121,122,123,124,125,126,127,128,129,130,131,132,133,134,135,136,137,138,139,140,141,142,143,144,145,146,147,148,149,150,151,152,153,154,155,156,157,158,159,160,161,162,163,164,165,166,167,168,169,170,171,172,173,174,175,176,177,178,179,180,181,182,183,184,185,186,187,188,189,190,191,192,193,194,195,196,197,198,199,200
1,regional-us-weekly-2016-12-30--2017-01-06.csv,21,71,42,161,147,133,28,28,126,43,77,154,245,50,87,28,175,175,203,105,70,42,175,231,74,204,111,35,99,224,224,70,420,56,84,35,28,245,168,147,245,42,149,112,344,25,56,42,77,28,35,224,210,194,399,245,344,84,268,343,196,175,231,140,602,84,344,112,42,154,252,759,474,52,224,28,287,210,112,43,105,706,462,224,28,7,98,149,462,49,147,602,28,196,28,428,168,63,185,140,633,245,399,420,420,196,483,28,70,70,50,43,438,98,210,43,56,99,70,133,497,42,245,287,42,20,70,149,21,112,21,28,119,570,126,70,28,37,210,21,78,420,28,49,315,28,119,154,28,224,245,112,399,399,168,245,63,77,42,161,43,49,21,133,611,149,28,42,371,112,140,133,585,273,640,343,154,731,490,98,5339,84,4049,759,111,245,224,556,50,21,753,759,147,14,67,28,149,119,196,133
2,regional-us-weekly-2017-01-06--2017-01-13.csv,49,14,64,49,49,35,21,154,140,168,119,50,84,42,94,77,182,57,35,182,210,49,252,81,77,238,98,231,161,91,217,49,182,106,211,427,154,231,42,84,32,49,104,35,42,119,49,252,175,252,406,351,351,91,21,147,133,168,35,28,59,91,119,217,156,201,56,275,0,49,766,203,713,231,49,156,609,35,50,203,154,469,105,469,481,294,35,161,70,427,1443,7,351,140,147,14,77,192,231,63,252,77,609,490,49,63,105,1443,35,105,57,106,112,350,406,435,50,35,70,238,252,77,28,217,259,27,50,85,504,77,640,112,252,154,28,445,231,49,7,140,618,119,35,104,252,12,156,378,427,133,126,35,84,175,577,182,217,44,203,231,35,161,406,5346,119,119,74,35,140,4056,280,252,35,156,35,56,738,21,1953,77,427,91,49,766,50,49,231,760,144,119,563,28,294,350,84,1165,57,38,112,364
3,regional-us-weekly-2017-01-13--2017-01-20.csv,7,42,57,77,56,42,14,147,112,161,175,57,42,49,91,84,101,189,224,84,42,217,189,64,56,98,259,238,88,42,245,113,91,434,161,49,39,49,168,91,413,189,7,238,218,140,56,98,98,56,97,126,259,7,126,42,66,259,358,35,14,182,720,126,63,161,358,224,163,77,7,154,14,210,208,238,282,773,84,98,210,163,77,42,147,70,42,42,161,56,476,57,616,42,56,497,84,476,35,56,488,434,154,301,112,189,84,97,259,42,616,385,358,199,112,238,35,119,113,42,7,661,64,7,84,34,92,57,413,133,511,147,224,442,147,245,105,259,163,126,625,7,357,126,57,259,266,1450,7,42,98,1450,28,70,238,42,5353,452,126,259,56,91,182,7,4063,647,81,413,434,224,140,745,287,126,584,259,773,238,151,210,91,163,56,168,7,434,1172,238,371,767,357,57,773,56,105,570,42,259,63,42
4,regional-us-weekly-2017-01-20--2017-01-27.csv,0,35,50,70,63,49,7,56,154,105,64,182,168,35,91,98,196,0,231,108,224,91,196,49,71,63,105,245,56,133,266,168,95,98,35,441,252,56,420,46,196,84,175,225,245,63,14,42,14,105,7,105,133,365,73,119,133,70,21,63,266,154,49,727,266,120,365,189,49,231,90,147,245,170,217,84,154,780,215,289,0,91,170,168,196,49,217,483,84,77,91,42,623,35,90,504,63,64,483,154,63,161,49,49,91,441,112,495,91,49,7,77,668,0,308,9,42,71,49,120,266,623,91,245,91,119,378,392,77,41,140,77,206,365,99,140,518,420,632,64,449,98,231,119,133,252,49,133,266,0,63,170,14,266,5360,64,266,273,105,1457,294,4070,245,752,1457,780,459,420,133,63,98,231,49,441,98,170,591,266,1179,364,133,35,88,98,189,158,217,14,147,175,774,245,441,780,245,77,654,63,364,70
5,regional-us-weekly-2017-01-27--2017-02-03.csv,7,28,43,56,63,7,0,63,70,161,98,71,189,175,98,28,203,238,105,115,7,98,203,112,21,8,56,7,7,7,175,126,7,105,78,70,63,231,56,273,259,102,427,49,53,203,63,28,77,252,140,0,252,182,112,232,21,140,80,70,28,7,112,7,372,147,77,448,7,734,112,238,273,70,140,372,273,252,91,203,56,177,787,83,296,196,56,224,127,7,222,21,177,98,175,161,7,83,49,7,161,7,490,224,511,84,7,490,630,91,28,7,78,448,98,675,84,56,105,70,168,42,127,70,56,71,49,315,502,56,133,273,84,630,140,385,371,98,56,252,213,399,126,7,147,228,639,427,372,0,140,525,238,91,259,273,7,5367,112,273,1464,71,177,56,456,301,165,787,4077,126,0,280,1464,16,252,112,427,91,466,273,787,759,71,781,238,1186,518,154,273,448,598,252,315,7,106,105,224,182,177,95
6,regional-us-weekly-2017-02-03--2017-02-10.csv,21,14,7,63,56,36,70,7,14,7,77,168,78,91,196,105,28,182,210,14,245,63,21,112,7,119,7,7,122,105,182,112,119,210,15,147,14,63,9,85,56,7,109,77,280,70,14,434,238,7,60,28,7,70,266,210,259,119,70,35,259,14,105,7,87,28,239,147,76,14,189,379,140,7,210,84,245,77,119,741,98,112,85,7,21,63,303,280,133,184,379,280,794,105,77,168,133,168,455,231,7,56,378,184,182,682,235,259,203,14,229,14,134,14,63,497,105,455,231,91,518,98,497,76,637,63,21,98,35,63,56,147,175,77,0,7,63,280,77,105,322,126,509,637,78,77,259,134,406,392,220,28,119,56,63,84,646,154,133,379,266,532,434,280,14,84,147,245,5374,7,172,1471,4084,434,287,794,280,49,308,84,33,1471,463,119,259,280,1193,788,259,161,78,322,605,184,525,273,102,133,245,14
7,regional-us-weekly-2017-02-10--2017-02-17.csv,14,21,70,14,77,49,29,21,84,112,70,85,35,203,175,84,14,112,92,14,189,21,119,266,252,16,217,14,189,84,126,154,112,112,217,287,92,63,22,70,441,77,35,116,385,21,126,245,21,129,119,69,238,42,67,273,14,94,126,246,266,386,35,266,63,217,154,14,217,133,196,91,8,748,266,310,70,112,119,242,14,84,77,287,105,21,126,386,287,63,7,252,801,189,689,14,21,175,191,126,191,236,504,462,644,266,1478,14,504,91,98,266,644,238,175,21,210,70,21,462,70,525,63,70,141,98,28,399,70,112,154,70,84,69,105,126,14,287,182,49,77,386,14,516,26,329,84,112,227,119,14,85,266,612,266,35,84,1478,7,266,266,141,413,91,539,462,238,179,3305,14,1143,441,252,252,5381,70,77,287,154,273,943,238,9,14,441,287,4091,653,287,801,462,266,315,801,21,42,56,329,778,470
8,regional-us-weekly-2017-02-17--2017-02-24.csv,7,28,8,77,84,21,42,99,22,77,42,28,92,91,105,182,77,210,161,119,23,28,196,161,35,21,196,259,119,161,10,273,126,7,133,91,161,224,105,119,21,392,224,70,29,99,448,294,42,77,84,62,28,161,123,49,6,133,161,252,126,101,393,74,28,161,42,224,161,273,273,280,161,119,7,317,755,56,249,136,253,224,161,245,161,77,0,91,203,112,161,14,28,259,98,696,70,133,808,294,182,294,28,198,19,393,84,126,273,15,7,196,198,182,63,243,273,21,511,651,91,28,511,21,469,161,469,161,273,245,133,21,70,77,217,273,161,77,651,126,105,77,294,42,119,84,119,84,161,70,148,77,91,42,523,91,62,161,7,42,91,119,234,322,98,112,92,406,336,1485,28,273,273,546,14,21,393,161,161,21,420,118,161,5388,148,448,294,70,161,1485,4098,588,280,35,21,77,259,808,287,273
9,regional-us-weekly-2017-02-24--2017-03-03.csv,0,35,91,35,15,28,84,106,119,84,28,35,49,8,15,35,154,99,30,98,98,154,203,126,17,217,112,70,35,154,189,28,266,126,203,168,133,140,280,231,231,98,0,98,77,36,49,400,91,106,55,455,28,301,84,35,154,256,56,154,140,13,126,133,130,35,81,49,108,399,324,259,280,154,168,231,12,63,154,762,84,154,287,119,231,260,703,154,49,7,143,154,252,21,280,210,35,815,105,140,77,189,205,77,98,35,301,266,400,301,301,205,189,0,56,203,280,84,140,250,518,518,476,119,77,168,154,658,476,98,252,530,329,154,280,84,224,22,126,105,98,84,84,280,155,154,154,49,126,658,154,105,84,154,133,241,91,28,0,55,413,154,74,99,28,343,98,280,553,280,35,28,105,14,1492,154,400,168,35,5395,111,7,63,4105,455,7,301,28,0,815,155,154,8,280,815,287,205,1492,84,595
10,regional-us-weekly-2017-03-03--2017-03-10.csv,7,98,113,42,147,28,7,22,21,7,35,91,91,56,7,28,7,15,7,98,112,7,42,7,8,37,106,7,7,210,7,7,48,7,105,133,24,147,91,105,7,224,42,7,67,407,63,196,7,35,175,273,133,147,140,210,98,238,147,238,84,287,56,105,91,43,113,5,42,308,263,133,147,91,56,35,63,140,115,137,42,331,56,175,266,91,88,287,238,147,126,238,710,769,147,294,267,259,822,28,14,98,42,84,112,70,217,150,42,42,462,273,308,91,7,105,308,407,210,14,49,525,525,212,287,8,112,175,175,308,483,147,84,257,147,287,48,483,1499,336,665,112,259,287,196,91,91,537,1499,212,133,105,105,196,7,91,665,133,29,231,77,20,294,112,287,162,248,48,147,28,140,420,287,287,14,7,21,147,560,48,407,113,104,350,106,147,56,5402,98,287,48,105,147,48,308,175,462,4112,301,35
11,regional-us-weekly-2017-03-10--2017-03-17.csv,14,140,105,120,14,49,29,98,21,14,42,22,63,98,21,49,105,41,14,1,113,7,217,140,91,44,14,140,98,31,112,14,14,84,231,60,2,182,414,49,42,203,14,140,280,14,105,7,147,154,217,63,294,245,91,84,14,140,245,14,50,112,120,56,14,14,14,154,315,140,270,49,144,91,14,147,338,49,182,98,14,273,63,294,14,70,122,95,245,22,133,245,42,98,49,776,182,274,717,294,829,63,301,35,140,119,119,91,35,140,224,280,98,266,49,217,91,532,532,49,157,7,315,14,315,294,219,182,414,343,112,490,91,154,264,315,21,490,672,41,266,301,544,105,98,469,14,119,42,294,140,672,255,91,112,219,238,1506,203,98,49,70,294,169,294,140,97,98,567,0,36,315,357,427,294,15,8,308,147,14,414,1506,5409,77,280,182,469,498,294,77,41,1309,21,140,113,560,301,11,829,112
12,regional-us-weekly-2017-03-17--2017-03-24.csv,6,6,21,6,133,6,112,6,127,6,6,6,6,6,6,7,6,6,6,36,29,105,14,56,6,49,6,6,70,6,6,34,21,6,56,6,98,14,105,6,120,133,224,51,21,147,91,38,119,53,84,189,49,238,9,421,147,77,21,210,56,154,21,161,112,21,287,70,14,98,322,224,252,301,14,77,151,301,127,252,21,119,57,29,49,56,161,322,154,277,133,21,147,42,105,77,345,189,301,7,252,189,280,70,21,140,322,21,308,252,21,836,783,551,105,8,49,281,15,56,308,7,21,98,21,42,724,98,126,350,226,231,126,287,28,539,105,301,539,161,164,0,21,224,133,421,56,133,21,497,189,273,34,21,271,322,21,102,126,679,497,56,119,105,210,49,84,21,14,84,49,679,322,28,322,70,1543,315,105,129,301,476,42,262,245,301,226,7,322,210,35,98,574,105,90,176,434,63,301,364
13,regional-us-weekly-2017-03-24--2017-03-31.csv,13,126,28,13,119,134,13,0,13,7,13,36,112,43,13,7,27,77,13,91,63,56,13,63,13,7,7,13,112,126,28,58,13,231,13,13,13,13,46,127,13,84,45,154,13,196,28,126,13,13,245,428,16,13,77,154,56,13,28,63,308,8,217,77,70,13,119,161,168,36,105,15,28,308,259,70,329,231,315,134,28,64,126,161,63,259,196,35,21,42,154,284,42,147,22,112,308,84,126,133,196,168,287,352,28,77,259,259,294,28,843,21,357,329,28,49,63,56,288,112,28,133,158,28,315,105,308,233,731,168,105,112,504,7,112,546,126,294,27,329,546,21,238,7,28,28,428,63,790,196,7,28,278,558,329,217,126,280,171,133,686,21,231,504,14,14,28,126,63,28,28,28,322,686,25,49,77,28,35,483,44,308,56,35,441,252,269,233,329,217,112,7,8,77,843,308,112,7,581,217
14,regional-us-weekly-2017-03-31--2017-04-07.csv,7,119,20,35,14,126,141,20,7,20,119,43,50,0,20,84,84,63,20,70,70,0,20,238,119,39,28,65,20,119,35,203,14,20,77,52,252,20,133,134,0,161,20,63,23,161,315,126,20,43,70,435,224,70,20,22,175,63,168,20,20,20,20,20,315,63,35,15,336,266,322,84,84,7,238,29,141,35,168,112,71,35,140,28,20,203,70,133,266,20,154,20,291,70,119,315,35,203,294,35,359,28,35,266,119,20,161,266,850,20,84,20,240,140,364,140,63,56,295,119,301,0,70,511,315,322,28,22,91,119,112,336,14,301,553,7,7,7,7,119,175,20,245,738,14,1893,203,553,14,36,435,119,285,56,336,21,35,336,238,693,35,32,35,287,140,56,178,565,14,224,7,29,511,119,165,21,329,35,133,28,693,581,490,49,7,315,35,224,51,7,175,240,0,35,276,35,259,21,42,850
15,regional-us-weekly-2017-04-07--2017-04-14.csv,0,112,21,27,42,133,148,7,27,14,13,126,50,7,57,28,77,7,91,70,77,72,27,77,27,112,245,32,49,210,27,27,70,7,50,259,42,30,140,59,126,21,168,141,27,133,70,29,77,182,175,231,63,322,21,27,7,36,322,7,273,27,56,7,329,343,7,168,7,91,245,73,148,442,27,43,119,22,7,7,175,42,7,27,21,78,27,77,7,7,147,210,27,77,322,210,77,161,7,27,273,56,27,27,42,366,126,14,301,247,273,140,42,28,29,112,28,857,147,28,147,298,7,27,35,322,273,91,371,126,302,518,126,57,739,119,329,36,27,308,560,126,42,70,27,42,343,14,252,49,7,308,210,13,560,10,1900,442,112,35,245,292,336,343,21,27,42,700,77,343,231,572,7,14,35,63,294,745,27,13,21,14,185,14,147,58,518,28,27,112,39,21,588,247,140,700,322,42,168,266
16,regional-us-weekly-2017-04-14--2017-04-21.csv,7,7,7,7,7,105,7,7,7,7,28,7,7,34,7,140,49,155,7,7,133,34,14,6,57,21,64,70,98,77,14,79,21,84,84,25,217,34,34,105,252,14,42,4,57,63,140,37,266,43,49,147,34,36,175,66,80,14,148,133,77,36,84,189,0,34,56,98,182,50,14,329,35,34,238,49,329,280,5,336,21,350,746,29,14,182,7,155,449,85,252,168,14,126,49,64,34,84,329,154,217,43,28,84,175,217,34,34,133,280,373,864,280,21,14,280,308,154,70,14,1907,378,49,49,147,254,34,34,35,42,49,21,154,329,133,105,98,34,309,133,49,217,305,34,525,126,133,34,42,6,567,336,315,34,6,70,343,35,567,133,77,315,0,449,259,350,7,14,11,252,350,105,49,707,299,28,42,49,752,238,42,301,238,350,595,14,14,65,154,175,21,34,29,525,196,17,579,192,14,14
17,regional-us-weekly-2017-04-21--2017-04-28.csv,14,14,98,11,35,14,14,14,41,147,162,56,1,140,64,14,28,41,14,21,14,71,14,63,14,105,224,84,86,91,14,7,50,14,91,18,8,14,259,14,41,35,41,98,21,14,87,56,64,147,12,9,105,21,753,44,182,43,43,273,73,154,56,155,140,84,91,196,57,49,14,28,189,63,36,91,245,336,7,21,14,41,7,41,287,71,42,41,7,357,28,456,8,189,162,161,175,92,259,133,14,50,343,224,41,91,21,336,140,56,380,224,287,41,182,871,41,161,385,336,287,315,42,336,21,287,161,56,105,154,140,261,224,140,42,63,140,98,316,56,14,35,532,574,42,1,574,1,41,56,49,41,77,259,140,7,456,14,343,322,28,312,133,322,1914,41,357,56,266,29,41,72,306,350,7,41,357,357,24,308,49,714,245,28,0,98,7,161,261,63,41,56,18,245,35,586,532,35,56,91
18,regional-us-weekly-2017-04-28--2017-05-05.csv,21,48,18,21,91,42,154,21,48,169,21,63,21,8,71,35,147,48,28,56,78,94,231,112,0,93,21,91,57,14,98,15,28,98,21,11,21,7,266,21,91,48,21,71,49,48,19,112,760,7,154,15,50,28,51,189,35,21,21,50,280,35,80,161,21,162,28,64,203,98,147,21,98,196,21,43,0,343,42,78,91,364,63,252,70,28,23,294,7,0,48,57,21,48,196,28,169,0,231,7,35,168,266,48,140,98,350,463,99,147,343,49,21,387,48,231,168,70,49,7,878,63,392,294,343,7,21,322,343,189,112,28,231,16,28,7,48,294,268,63,161,48,147,8,8,35,7,147,539,56,84,323,7,581,8,35,91,7,147,35,168,49,581,63,463,7,266,36,329,350,7,56,7,182,79,273,329,140,313,48,63,14,315,7,1921,21,319,364,7,364,42,7,0,63,48,357,252,268,721,42
19,regional-us-weekly-2017-05-05--2017-05-12.csv,28,41,25,49,84,28,7,161,176,55,154,28,70,15,78,101,55,42,28,28,49,35,85,238,119,7,100,64,98,21,105,22,105,21,22,105,4,0,55,14,55,78,28,26,7,84,273,767,119,161,8,28,7,196,7,7,42,28,7,42,28,58,28,42,57,35,28,28,287,57,7,7,168,87,105,71,169,210,154,77,7,7,203,14,28,105,28,350,371,35,7,50,259,30,28,85,301,7,154,98,350,70,35,176,28,238,203,0,28,35,14,14,0,55,56,273,77,350,55,7,28,147,394,175,470,64,885,175,301,154,21,238,70,55,70,55,329,7,15,238,154,350,275,196,106,119,21,28,301,91,546,168,28,43,399,35,330,588,15,86,35,42,21,7,588,7,0,70,55,336,470,273,9,84,154,275,175,14,55,320,7,280,357,21,63,56,371,147,364,35,322,259,371,77,14,275,728,336,70,28
20,regional-us-weekly-2017-05-12--2017-05-19.csv,35,34,32,56,77,35,8,161,14,62,183,168,85,22,108,77,35,62,49,7,245,35,35,42,92,42,42,126,29,107,112,14,29,71,3,105,112,35,112,21,28,85,168,35,14,33,62,62,77,280,126,15,774,7,35,49,203,35,7,35,64,21,65,64,294,42,78,112,35,175,176,161,210,35,14,84,21,35,94,112,7,7,35,217,357,92,37,7,378,161,14,266,7,42,57,7,7,308,357,35,35,42,105,21,357,183,7,21,210,63,35,245,7,42,84,280,7,7,161,77,35,62,35,401,14,182,154,22,245,892,62,14,308,182,161,7,71,477,62,7,9,77,245,336,62,14,98,282,21,28,22,595,35,595,14,203,308,50,357,21,93,126,49,175,77,7,337,282,14,42,553,77,1,343,28,477,378,280,7,62,287,327,63,28,161,282,62,364,70,28,7,77,154,329,84,378,371,735,77,7
21,regional-us-weekly-2017-05-19--2017-05-26.csv,42,39,27,63,70,42,21,8,168,115,15,190,92,29,69,175,42,84,69,56,36,252,14,99,35,133,119,28,36,114,42,7,35,175,78,42,10,49,22,42,112,119,92,35,8,69,119,28,40,133,69,56,70,781,8,287,28,42,28,28,210,21,71,14,8,301,72,71,85,49,42,182,217,183,28,91,168,14,119,28,99,21,44,385,364,42,168,273,364,49,119,42,64,42,190,49,364,168,42,70,315,35,217,14,14,91,112,29,252,287,49,14,7,168,408,42,21,69,899,189,78,315,0,84,161,14,21,42,484,14,84,69,189,35,69,252,42,21,343,14,289,21,105,35,252,101,29,602,14,224,42,84,14,602,56,69,315,57,344,133,210,182,0,70,364,14,112,385,21,289,86,14,7,484,371,14,49,287,350,334,8546,84,294,70,77,182,289,336,42,560,14,35,385,742,14,29,168,15,91,69
22,regional-us-weekly-2017-05-26--2017-06-02.csv,49,46,36,70,63,175,49,122,28,197,36,99,182,22,76,182,49,259,63,91,121,76,43,98,140,84,15,106,126,59,49,140,10,43,15,36,21,49,7,56,21,99,119,29,76,42,17,126,126,49,76,294,15,7,47,122,35,15,63,49,63,217,35,788,7,79,308,7,78,7,224,15,35,189,56,28,92,126,78,175,190,7,371,371,35,98,371,175,392,49,28,24,28,7,280,7,7,106,56,197,42,259,51,322,77,224,98,56,7,119,175,196,175,71,119,294,49,36,609,415,259,322,609,112,224,906,126,49,42,7,168,28,49,76,21,49,91,59,91,491,296,76,7,7,76,49,133,42,322,350,49,21,63,7,64,84,7,21,140,56,36,108,231,107,85,196,63,392,351,28,378,217,7,63,296,7,79,98,189,76,294,280,296,357,7,36,28,491,49,56,341,49,84,189,7,7,280,7,280,280
23,regional-us-weekly-2017-06-02--2017-06-09.csv,53,56,43,77,182,56,129,56,43,189,35,7,204,106,189,266,56,56,83,98,29,50,128,105,91,22,83,133,22,70,50,14,43,147,56,9,106,63,49,36,28,126,147,28,113,83,24,17,133,8,133,129,22,56,10,301,22,70,56,83,224,54,42,4,42,315,7,86,85,56,231,7,196,14,99,795,105,63,42,35,133,378,22,182,85,182,7,399,197,35,287,15,63,378,31,14,378,266,105,35,42,56,84,49,8,182,329,204,203,182,43,266,126,16,7,49,58,301,8,126,77,422,913,119,7,329,14,231,35,98,56,98,56,49,616,98,133,83,71,92,175,616,303,114,83,70,498,357,22,56,28,329,56,63,21,140,147,83,86,43,287,56,56,7,56,56,28,385,70,196,56,644,105,189,238,196,303,358,115,301,303,43,14,348,35,224,364,498,287,63,399,287,112,83,28,378,49,7,287,350
24,regional-us-weekly-2017-06-09--2017-06-16.csv,60,63,84,50,189,136,49,7,63,196,50,63,42,211,113,14,273,196,135,63,105,140,57,90,29,98,112,36,11,90,29,29,57,50,77,21,113,43,63,70,35,90,154,133,154,35,136,120,16,31,140,7,0,140,77,308,29,63,56,63,231,15,90,322,93,61,21,49,49,92,24,189,238,14,203,106,42,406,112,22,28,385,189,70,14,23,140,204,273,70,294,49,42,49,49,7,189,385,385,210,38,189,56,211,336,273,42,133,91,56,0,920,63,126,105,429,308,112,84,1262,56,802,105,50,133,1262,310,336,7,78,35,42,21,7,29,121,364,105,231,63,140,623,21,238,63,505,336,182,1262,7,7,7,90,294,77,623,90,63,77,154,203,14,196,50,1262,35,7,112,651,49,1262,50,203,92,119,90,406,365,294,63,77,392,355,7,581,63,7,310,371,14,210,133,310,406,29,763,346,49,231,122
25,regional-us-weekly-2017-06-16--2017-06-23.csv,67,70,91,1,1,143,196,42,203,70,57,14,70,49,120,218,280,142,7,21,147,7,64,112,70,36,0,36,203,97,106,119,43,36,50,64,97,0,42,120,28,161,84,97,77,70,7,161,127,140,23,38,36,70,84,147,315,7,147,238,7,7,42,329,14,22,97,63,35,100,70,7,7,56,7,99,14,68,77,7,28,49,56,7,1,245,30,210,29,21,413,7,113,196,7,119,196,392,7,63,392,21,280,301,49,77,7,211,196,56,196,217,280,392,7,42,0,63,343,218,112,7,133,927,85,31,140,49,63,57,436,56,140,42,315,112,7,343,317,7,28,119,49,189,98,91,70,70,14,7,238,809,630,7,128,36,147,512,84,112,97,371,14,301,210,630,245,161,7,203,343,21,147,28,413,97,119,126,84,49,7,84,57,42,372,91,399,588,301,362,210,770,238,378,217,301,301,317,70,317
26,regional-us-weekly-2017-06-23--2017-06-30.csv,74,8,8,98,77,150,203,7,210,35,7,64,77,21,77,56,127,149,225,43,7,287,43,154,28,71,119,77,14,104,0,43,0,113,210,57,71,8,7,50,0,35,168,104,84,77,91,14,7,168,104,134,43,147,127,30,77,8,45,42,154,336,245,322,21,154,64,104,29,70,56,63,107,37,77,14,63,252,84,49,35,120,36,21,217,91,420,399,14,14,203,399,203,287,14,56,28,308,70,7,8,140,84,203,203,218,225,10,63,70,7,14,287,75,350,106,399,119,224,35,7,8,934,92,14,324,322,443,147,119,56,7,56,147,126,350,70,245,14,77,63,308,196,35,0,133,21,8,21,816,7,28,126,519,98,91,105,637,217,7,43,77,119,8,210,245,378,135,637,91,7,154,91,49,168,64,56,420,28,56,350,252,126,777,104,379,595,308,98,369,406,224,224,322,35,343,154,5514,259,217
27,regional-us-weekly-2017-06-30--2017-07-07.csv,81,105,15,15,84,157,210,7,217,71,7,14,28,84,156,7,14,84,232,28,63,134,50,50,294,78,14,126,161,35,84,111,120,50,217,64,21,78,14,91,42,175,84,21,111,98,49,175,57,154,37,50,343,141,71,161,161,84,63,329,28,7,252,7,134,84,7,52,44,7,98,111,77,114,70,14,111,70,427,259,42,91,36,98,127,224,15,7,406,7,35,43,28,7,21,210,56,77,406,210,63,294,77,210,147,315,210,232,126,7,331,357,225,294,91,11,21,406,231,315,941,70,99,15,140,3109,28,154,28,784,63,450,126,21,84,329,7,21,105,63,154,113,21,203,217,252,98,357,84,28,82,112,63,224,63,77,133,126,644,142,252,385,823,315,133,42,526,175,161,427,644,50,357,98,918,35,21,49,71,231,119,336,7,7,56,386,420,294,793,315,602,133,259,376,17,35,231,105,111,350
28,regional-us-weekly-2017-07-07--2017-07-14.csv,88,112,22,22,91,0,217,14,224,78,14,91,8,21,163,21,91,35,57,21,70,57,85,14,168,8,301,239,57,21,42,133,141,71,85,127,91,14,118,28,224,8,56,21,28,182,49,91,78,98,8,57,35,105,118,44,161,8,182,148,259,350,64,51,91,105,77,0,168,336,168,84,141,8,91,59,43,134,118,8,49,121,50,98,8,84,105,266,231,118,21,217,434,413,8,217,8,364,28,301,28,413,70,217,14,42,217,301,0,63,84,77,238,322,3,133,28,948,105,98,14,70,154,147,232,239,413,106,338,224,161,133,21,77,8,112,120,91,70,364,457,35,364,8,14,259,336,89,8,53,161,70,231,84,830,149,8,49,8,35,210,21,28,133,119,56,651,259,57,140,78,238,651,182,70,533,28,119,392,238,14,5528,63,140,91,8,434,322,791,112,427,140,42,925,336,14,393,1655,168,420
29,regional-us-weekly-2017-07-14--2017-07-21.csv,95,29,119,7,29,98,4,224,21,10,231,85,64,21,64,98,7,15,92,170,98,28,28,77,21,14,308,175,246,4,21,78,28,15,134,49,92,140,63,98,148,85,35,35,125,231,98,64,28,189,15,105,42,56,51,7,112,98,168,4,91,125,84,266,35,58,189,357,50,71,7,343,175,49,112,175,148,98,66,15,141,57,125,91,56,105,238,112,128,9,273,420,125,441,308,77,308,224,49,28,420,224,224,371,329,140,154,35,224,245,28,955,231,8,112,70,246,105,239,113,420,98,161,77,127,168,77,140,15,7,345,63,371,464,35,84,238,42,15,77,14,343,8,147,371,168,21,119,837,85,126,140,658,56,21,245,11,42,77,434,60,343,266,96,147,658,7,5535,189,126,147,156,35,399,245,21,119,540,85,441,217,329,133,91,390,807,98,400,798,932,42,1662,329,15,308,35,175,140,133,21
30,regional-us-weekly-2017-07-21--2017-07-28.csv,102,126,36,14,36,105,22,231,17,71,28,28,71,238,15,92,35,99,177,28,84,105,105,49,35,7,315,182,85,70,253,92,35,22,99,147,71,141,105,56,28,7,49,155,42,6121,7,42,132,238,70,42,5240,56,7,35,71,105,196,112,7,35,43,98,22,7,65,63,58,91,175,182,119,132,273,7,364,196,119,57,14,350,182,162,155,105,7,7,73,105,148,78,3731,14,64,42,112,7,132,98,135,7,245,119,280,63,7,427,231,7,315,84,315,132,7,231,448,22,7,427,7,7,56,147,378,336,7,161,7,7,28,42,6121,70,238,4623,252,962,119,7,231,7,231,7,105,7,77,7,84,7,427,246,7,253,6121,112,168,7,147,154,7,134,14,120,7,378,471,352,245,441,49,21,350,844,92,84,5240,175,5240,70,3731,84,665,7,133,154,378,350,252,126,175,63,70,49,6121,196,7,92,67,665
31,regional-us-weekly-2017-07-28--2017-08-04.csv,21,133,109,43,29,112,43,238,35,78,24,35,99,245,78,42,184,106,22,91,112,56,189,322,99,112,42,92,35,0,56,42,14,260,49,29,106,77,112,154,49,148,78,63,35,63,112,50,162,49,139,49,245,42,42,98,119,7,78,65,70,7,203,182,105,21,189,280,126,371,126,7,139,64,29,21,357,169,189,155,14,7,162,112,71,80,119,126,112,139,14,105,252,245,287,8,85,9,238,238,142,434,168,14,91,322,8,49,70,322,455,63,29,154,238,139,35,434,385,28,259,969,126,112,77,9,238,91,175,434,6128,448,91,28,253,252,154,260,84,161,119,56,74,99,5247,385,478,851,77,359,127,259,14,357,794,141,99,45,14,9,161,672,140,70,5549,385,133,7,147,182,672,56,554,14,21,14,203,147,161,14,91,280,413,343,7,0,49,154,133,455,189,946,414,170,455,140,259,4259,343,154
32,regional-us-weekly-2017-08-04--2017-08-11.csv,36,140,28,50,116,119,50,42,85,245,31,42,85,106,252,113,106,49,191,98,56,119,196,329,63,119,63,29,56,57,99,21,49,36,7,42,7,70,267,113,84,49,119,119,56,161,155,70,42,85,49,169,56,146,252,49,105,14,126,28,72,189,77,266,196,287,210,378,85,133,112,16,14,28,10,146,364,71,119,36,196,77,176,14,133,294,169,119,78,252,146,8,87,14,126,259,112,162,329,245,245,56,175,441,98,133,92,21,329,70,149,161,35,63,441,14,266,462,392,245,976,146,119,133,35,245,98,42,36,8,81,21,455,182,84,168,441,52,106,260,21,161,98,267,259,126,392,16,364,485,134,106,91,858,366,679,21,147,679,140,148,801,168,392,154,5556,77,8,189,84,7,168,637,63,420,56,210,98,7,28,561,350,15,287,350,154,21,140,196,4266,462,161,177,7,161,462,421,6135,147,133
33,regional-us-weekly-2017-08-11--2017-08-18.csv,43,35,147,57,123,126,57,49,38,252,63,113,92,49,92,113,7,259,7,120,105,56,63,126,336,70,203,126,28,198,64,70,77,106,36,56,14,49,274,91,120,126,126,63,56,14,162,168,56,63,15,176,153,77,259,23,92,9,56,49,112,21,133,35,196,203,21,294,140,8,15,385,119,84,21,126,21,23,217,273,35,43,371,203,153,140,301,21,183,182,259,153,266,78,126,85,176,119,94,79,168,63,133,252,336,252,77,7,8,336,84,448,105,70,42,7,17,156,448,99,273,469,399,983,126,140,7,462,252,28,140,153,43,105,88,252,113,189,91,42,49,175,59,448,105,274,113,267,168,7,84,141,399,492,133,266,147,161,371,865,686,686,84,32,154,373,7,5563,28,808,175,169,98,155,92,399,7,8,140,644,196,105,63,28,427,35,568,357,168,70,168,217,175,77,203,4273,161,252,357,147
34,regional-us-weekly-2017-08-18--2017-08-25.csv,50,42,154,8,70,64,130,133,45,120,56,14,64,99,259,112,56,99,120,70,127,22,14,77,210,266,84,35,133,63,343,133,63,71,8,205,113,63,98,77,21,43,70,127,133,169,281,21,133,175,56,30,70,16,63,7,266,28,183,160,63,15,22,210,119,203,28,140,42,28,84,210,301,30,147,392,91,126,56,7,28,147,378,42,266,224,28,133,160,189,308,99,39,50,160,70,273,190,126,101,280,175,183,259,133,259,92,84,15,455,85,77,140,343,343,49,455,133,112,406,280,990,469,476,86,147,163,259,106,147,50,182,91,455,120,56,95,112,8,259,120,66,7,160,112,196,98,84,154,35,148,24,281,815,49,274,406,91,499,281,112,693,175,693,5570,378,7,182,273,872,147,161,140,70,406,380,168,164,210,364,77,434,162,80,42,651,203,105,182,77,4280,176,575,14,224,175,35,168,1697,77
35,regional-us-weekly-2017-08-25--2017-09-01.csv,8,7,7,57,119,77,49,7,7,127,140,52,71,21,7,15,63,266,106,29,137,63,7,106,7,127,7,77,71,91,7,84,42,7,140,134,15,7,350,7,78,21,70,70,140,273,134,77,14,140,70,7,217,105,120,7,7,7,212,28,7,50,7,176,182,140,7,7,84,28,23,288,7,37,29,7,273,35,7,7,63,70,7,22,190,217,49,14,7,210,35,154,167,35,22,70,108,217,308,133,77,91,147,77,7,7,399,7,14,7,49,315,273,287,35,84,46,231,63,140,462,35,126,385,154,37,266,167,196,197,106,266,167,99,350,147,119,280,140,7,140,266,133,182,127,190,350,462,91,56,127,113,413,462,287,119,483,57,14,997,189,8,476,77,119,7,170,154,154,57,280,63,288,8,7,91,98,73,266,14,167,155,154,98,7,105,161,203,93,7,87,378,10,182,281,182,119,5577,189,42
36,regional-us-weekly-2017-09-01--2017-09-08.csv,15,126,14,64,84,5,14,134,56,28,59,14,147,70,36,78,113,14,22,273,9,70,144,134,113,84,91,14,98,22,78,77,141,147,357,49,21,77,141,147,85,280,77,28,84,112,127,147,224,14,14,219,14,147,183,35,14,189,53,91,57,35,36,295,30,14,29,14,280,44,42,70,21,14,84,77,42,174,42,77,224,197,115,56,217,161,29,21,315,224,154,91,14,280,140,203,84,56,406,14,98,8,322,42,14,14,126,273,154,287,238,294,147,174,147,392,14,469,174,106,14,161,273,70,42,133,14,357,134,273,134,204,14,14,140,147,189,44,98,420,126,197,113,357,63,469,1004,14,21,117,483,490,294,196,14,14,12,469,64,8,112,70,14,126,21,177,161,174,161,273,14,84,161,98,120,210,168,94,162,42,288,64,80,287,707,14,91,100,105,385,175,91,5584,513,196,886,665,707,295,134
37,regional-us-weekly-2017-09-08--2017-09-15.csv,133,7,71,91,21,22,21,141,63,12,35,66,21,154,8,43,120,77,21,16,280,85,29,29,91,141,120,105,77,98,84,28,151,364,148,154,21,7,85,56,92,84,84,60,154,231,119,287,190,91,35,134,154,21,154,226,42,148,7,196,42,91,21,43,28,98,64,28,302,287,15,37,51,8,7,84,49,21,36,77,181,84,224,168,122,322,7,21,231,49,287,21,21,98,147,21,231,7,36,204,161,91,63,161,280,63,154,105,133,113,301,28,413,21,154,399,49,21,329,181,35,133,141,280,294,476,49,141,364,427,280,181,140,21,105,168,245,490,154,1011,21,364,211,147,476,196,119,203,133,7,301,77,204,120,175,70,101,21,497,217,15,105,168,21,280,105,476,7,77,28,181,184,168,169,714,7,21,71,944,182,21,295,7,98,98,836,71,893,112,8,84,124,21,714,127,196,520,112,91,203
38,regional-us-weekly-2017-09-15--2017-09-22.csv,7,140,98,78,14,28,148,28,29,70,42,73,161,28,50,84,28,23,287,19,15,127,91,36,112,98,148,36,127,105,371,84,35,92,158,161,91,197,67,99,238,63,8,9,91,155,92,161,98,294,14,126,161,28,14,8,35,22,233,49,28,141,161,98,49,203,42,42,50,155,35,35,309,294,91,105,58,44,56,112,287,4,175,231,161,188,329,129,43,238,28,105,294,84,28,238,14,56,43,14,154,161,287,308,98,168,168,211,140,71,91,406,70,420,112,434,28,188,120,148,371,301,148,336,140,56,28,483,56,497,188,112,287,28,28,147,28,175,140,15,371,1018,308,483,210,203,28,154,252,218,108,182,161,56,77,203,112,211,224,70,84,504,280,175,35,287,28,287,127,84,721,191,28,176,483,131,188,175,189,119,22,105,28,721,951,302,527,119,126,78,91,28,900,5598,469,105,210,434,843,287
39,regional-us-weekly-2017-09-22--2017-09-29.csv,14,147,105,6,35,155,35,21,77,49,35,80,168,36,294,57,91,30,43,7,98,35,22,134,105,119,42,155,378,134,112,98,43,26,74,204,91,29,165,245,99,98,294,168,21,42,168,70,99,49,301,11,105,15,162,133,35,168,35,240,56,42,56,105,294,21,210,210,168,119,148,16,168,168,49,294,301,162,316,7,8,98,57,42,63,336,182,51,238,15,65,195,136,245,301,112,245,161,50,8,22,91,175,105,315,175,147,21,35,35,195,50,413,378,218,427,504,63,119,155,35,490,308,441,21,155,343,112,119,63,63,147,210,195,225,78,115,378,147,182,15,1025,98,77,217,35,35,294,490,315,231,294,119,7,154,138,7,189,161,35,168,63,35,287,126,259,182,511,14,728,218,183,35,294,84,196,112,490,198,195,42,7,14,182,728,112,134,534,5605,91,8,309,532,11,476,907,1480,35,686,441
40,regional-us-weekly-2017-09-29--2017-10-06.csv,21,154,112,13,42,162,301,42,84,42,7,301,56,64,28,175,8,43,50,141,7,37,105,49,105,126,36,112,14,29,162,385,119,42,98,141,49,217,81,252,56,105,50,28,175,172,33,175,106,140,126,301,22,112,308,175,49,112,42,42,169,77,106,247,63,7,98,175,175,28,217,301,70,155,49,18,175,63,56,308,7,14,308,29,343,23,189,323,169,15,64,245,11,228,202,119,252,57,322,252,22,22,72,154,10505,58,168,7,112,202,182,28,182,7,385,420,448,98,122,301,105,225,42,57,497,126,15,434,350,315,1032,42,511,126,162,42,70,154,217,70,162,202,154,224,28,385,189,322,85,14941,7,126,238,196,497,232,301,7,21,42,145,63,161,168,49,294,105,189,735,84,10505,10505,119,42,5612,518,203,202,190,42,202,175,119,91,266,8725,42,70,301,21,497,13,539,119,205,857,735,5027,21,385
41,regional-us-weekly-2017-10-06--2017-10-13.csv,28,161,308,119,20,7,49,169,49,49,35,308,14,182,63,71,91,57,44,148,119,14,112,56,50,112,36,224,133,392,7,169,49,126,133,21,56,7,308,259,56,63,15,105,88,8,29,112,35,148,182,179,182,182,57,119,176,315,315,113,254,22,119,49,70,182,40,308,49,113,224,182,7,36,56,7,21,84,162,147,182,63,105,315,18,77,350,70,196,330,65,7,176,35,25,14,161,252,126,64,235,14,7,259,209,259,7,175,30,119,35,189,189,308,71,7,209,49,392,427,455,329,7,29,322,133,22,504,7,518,441,70,105,232,133,357,7,169,14,161,161,77,49,1039,77,231,29,209,35,112,196,329,133,169,224,28,392,21,203,7,308,245,5619,152,504,239,92,742,49,168,301,210,175,14,49,56,7,525,196,212,197,14,7,209,49,5034,10512,742,209,112,77,182,504,546,273,308,7,196,455,392
42,regional-us-weekly-2017-10-13--2017-10-20.csv,35,315,168,27,14,126,7,56,176,78,56,315,56,42,21,70,126,189,98,14,51,155,231,315,63,140,119,63,140,399,21,57,176,43,119,56,28,133,70,42,266,63,95,36,112,15,22,119,7,322,43,189,14,189,126,56,186,189,261,7,64,322,183,155,189,315,120,29,126,77,56,189,231,47,120,25,28,84,169,91,63,189,42,70,322,357,203,7,337,14,154,168,14,259,183,29,266,112,72,77,21,133,266,216,242,56,182,32,42,77,21,399,315,28,14,126,7,33,434,196,196,140,140,216,8,462,329,140,448,36,168,84,239,511,7,36,1046,364,336,8,210,14,84,14,336,525,399,216,112,238,168,176,203,511,231,7,159,42,56,176,119,21,7,308,5626,749,252,315,219,35,217,246,14,175,532,315,63,99,749,92,14,203,553,204,315,5041,216,462,56,189,21,7,182,203,490,119,56,555,56,511
43,regional-us-weekly-2017-10-20--2017-10-27.csv,42,322,34,21,175,7,85,133,183,63,14,63,322,28,70,49,58,21,77,133,196,63,105,238,162,147,49,147,70,322,7,406,50,77,28,183,50,126,63,126,64,273,35,70,7,63,7,7,102,43,22,119,126,140,196,329,196,133,7,29,196,7,7,190,133,322,268,329,193,84,32,162,36,127,7,238,35,71,63,14,196,14,127,91,15,54,196,21,70,329,77,364,210,84,161,344,175,7,190,36,273,63,266,49,273,249,21,28,140,223,7,16,84,79,406,119,8,7,2,7,189,217,441,223,322,49,28,147,133,203,147,35,7,343,469,336,203,1053,455,518,91,7,175,343,7,371,246,70,166,91,245,7,532,223,238,7,21,210,183,21,406,49,518,21,183,315,21,322,98,119,126,539,259,175,756,147,21,7,224,560,182,253,226,7,322,5633,63,43,756,14,211,106,39,28,210,63,5048,126,7,7
44,regional-us-weekly-2017-10-27--2017-11-03.csv,49,28,329,92,9,41,182,140,7,190,70,21,65,70,77,28,35,84,56,329,154,140,245,203,154,112,169,56,70,57,77,413,329,4,84,14,7,57,29,35,190,280,70,42,133,50,109,70,77,14,4,71,126,36,203,43,133,203,336,14,147,140,203,140,200,329,197,4,91,42,275,39,336,14,98,245,12757,3,61,78,70,8,203,169,134,134,3,14,4,22,168,43,14,14,14,182,21,91,336,70,217,371,203,84,273,280,86,280,23,4,351,21,4,28,56,15,256,413,4,28,197,7,14521,230,56,147,224,448,196,140,476,546,14,329,350,35,154,35,126,210,1060,343,7,230,154,98,462,230,210,525,14,350,378,252,42,539,182,77,4,133,253,322,28,525,245,217,98,413,266,28,190,190,28,7,329,763,231,56,50,189,233,126,567,763,28,218,173,20365,4,28,113,260,70,7,329,7,4,217,98,154
45,regional-us-weekly-2017-11-03--2017-11-10.csv,56,35,7,99,336,48,189,11,7,11,14,197,64,16,147,77,28,84,35,161,336,42,252,91,21,7,77,161,147,210,63,77,7,119,176,84,91,420,36,77,197,42,14,64,287,140,336,11,11,116,50,49,7,210,77,84,7,140,78,210,57,133,9,22,7,154,210,147,204,15,336,43,7,7,21,147,343,282,10,252,68,49,210,7,133,189,10,21,29,21,11,77,207,11,21,105,343,7,46,11,176,7,7,378,141,7,91,93,77,63,141,21,30,343,28,224,7,210,280,287,175,98,287,358,420,21,21,35,263,154,204,237,203,231,85,483,1067,28,7,50,7,455,7,161,11,357,161,336,217,147,350,42,532,217,546,469,11,336,259,7,105,237,84,385,357,189,42,238,35,21,133,11,140,237,7,770,273,260,329,770,63,105,252,420,21,49,180,63,574,35,532,197,224,197,196,35,14,3,351,225
46,regional-us-weekly-2017-11-10--2017-11-17.csv,63,42,343,106,14,196,71,55,91,18,7,14,84,204,21,42,154,259,35,28,23,168,18,343,98,98,168,217,70,126,84,49,183,91,154,427,84,147,14,84,204,43,49,71,217,294,21,14,14,343,29,28,57,75,84,56,147,28,85,1021,217,14,154,217,161,217,350,140,28,343,50,91,259,211,154,14,289,7,14,22,64,196,140,56,18,84,84,17,100,214,17,28,28,350,53,385,98,183,148,350,16,231,70,148,161,36,294,217,18,287,182,35,28,294,42,270,37,365,427,7,238,244,1074,210,10,343,211,490,364,224,462,112,154,49,266,105,168,105,14,539,343,8691,357,224,168,280,35,112,476,196,42,5654,84,392,28,777,14,14,364,244,14,336,777,245,42,244,8,92,147,553,358,581,187,112,259,427,57,56,267,4364,42,28,49,560,232,539,203,204,91,126,140,70,204,14,140,15,231,70,18,18
47,regional-us-weekly-2017-11-17--2017-11-24.csv,70,49,350,113,78,62,21,25,98,35,203,30,91,28,211,266,21,161,49,350,42,175,105,105,77,175,224,25,133,56,190,36,91,98,434,154,91,211,91,35,224,56,21,50,301,14,28,161,78,12,350,7,1028,35,154,147,102,8698,224,161,266,224,357,21,91,21,296,350,21,14,218,168,147,91,64,98,29,82,221,161,92,203,24,91,35,155,63,392,63,190,105,301,357,60,102,14,107,357,238,224,168,189,372,224,155,35,42,294,57,277,77,251,25,301,9824,245,49,102,434,7,43,217,1081,23,35,44,14,7,371,218,10,21,231,21,35,364,469,497,231,483,161,91,119,25,112,7,175,546,287,350,251,119,399,273,24,203,119,20021,371,21,175,49,350,588,784,12351,365,15,784,252,28,274,251,7,343,194,560,546,154,63,133,567,266,77,99,112,49,5661,239,434,14,147,42,49,210,211,64,35,169,254
48,regional-us-weekly-2017-11-24--2017-12-01.csv,77,56,357,120,42,32,85,105,69,28,37,35,273,98,210,218,56,49,8705,28,357,182,112,112,84,168,42,43,32,182,105,231,197,98,140,441,63,28,231,98,98,161,218,9831,57,63,308,7,85,35,42,168,357,20028,137,14,36,21,12358,28,21,19,98,168,161,67,231,7,231,357,364,105,273,98,175,19327,154,31,25507,303,210,21,225,154,28,98,13,28,168,71,21,228,399,175,27728,364,9831,112,19297,5083,364,89,70,245,196,162,197,2240,308,70,99,42,252,22219,10166,21,231,231,301,14,16,379,6678,441,258,1088,12,114,284,7274,84,162,308,224,32,5933,378,109,2526,42,30,50,357,51,56,238,1103,225,7,5783,11657,371,280,168,476,28,119,182,378,32,98,126,64,372,504,791,490,791,294,406,126,238,406,119,553,210,258,13713,2615,595,19327,259,28,35,201,567,126,14,258,28,350,56,218,182,31,14,357,70,140,553
49,regional-us-weekly-2017-12-01--2017-12-08.csv,84,63,364,49,8,39,92,127,8712,8,112,76,35,63,44,105,49,225,217,280,56,42,364,35,50,189,119,119,91,238,175,189,39,112,9838,204,14,238,448,105,35,70,147,225,105,168,7,105,12365,315,49,28,64,28,20035,70,43,21,28,20,28,19334,92,364,42,28,175,74,238,19304,144,35,25514,27735,371,280,168,9838,26,38,238,161,182,175,28,364,28,112,14,5090,217,105,22226,28,28,10173,161,310,232,35,28,28,105,7281,235,6685,1110,175,371,5940,406,2533,2247,182,169,315,77,78,252,308,77,204,265,116,386,203,1095,259,70,238,371,119,11664,19334,238,28,49,7,28,28,8742,448,5790,315,13720,206,413,35,19,23,77,231,28,121,169,364,245,28,7,385,378,49,28,19387,2622,28,18939,7,21,57,133,232,379,287,63,28,91,175,245,37,413,28,770,497,58,265,483,39,133,798,798,511,385,35,105,49,126,560,217,35
50,regional-us-weekly-2017-12-08--2017-12-15.csv,91,70,371,46,8719,56,99,15,134,42,70,112,83,119,51,49,15,56,224,371,287,7,245,232,196,57,42,126,9845,126,63,98,182,196,21,14,245,211,119,46,455,112,12372,232,154,42,20042,112,175,112,35,77,19341,7,2,322,25521,56,77,27742,35,19311,10,245,7,71,371,287,378,27,99,9845,182,50,175,49,5097,35,22233,9,189,7288,35,35,168,10180,245,224,317,12,6692,5947,371,182,242,2254,28,1,42,1117,119,112,378,239,21,168,33,81,5797,413,176,112,189,7,11671,2540,182,84,272,322,315,393,259,35,7,13727,7,8749,19341,211,245,77,42,1102,378,420,42,35,2629,14,126,266,19394,213,45,56,210,25886,7,245,18946,322,7,455,238,123,252,385,85,176,35,140,35,7,35,7,504,392,252,371,84,128,777,272,35,84,386,239,140,420,294,805,42,35,56,7,98,215,518,168,805,7,7288,295,64,272,490,21991,371,567
51,regional-us-weekly-2017-12-15--2017-12-22.csv,98,7,77,7,7,378,53,8726,63,141,77,119,90,49,63,58,56,126,294,378,231,9852,28,252,239,203,22,49,21,70,133,64,133,203,105,49,7,189,252,12379,42,20049,218,126,119,462,53,11678,239,19348,119,7,7,161,182,119,5,14,49,27749,84,63,329,25528,19318,84,34,7,9852,5104,378,78,28,22240,42,294,84,7,252,7295,7,2261,7,106,385,7,57,182,56,189,7,10187,5954,175,196,17,378,252,16,1124,14,231,6699,189,7,11678,7,42,119,324,5804,88,42,8,126,175,2547,249,35,246,385,13734,7,196,119,2636,91,19348,420,7,183,329,8756,14,427,189,266,49,7,322,19401,400,25893,385,218,279,42,7,21,19,49,7,220,1109,7,8,40,7,273,252,52,245,7,7,18953,252,329,217,130,7,133,63,462,392,378,183,42,784,222,511,147,21998,2261,399,7,259,42,105,7,49,21540,7295,35,7,1113,17522,427,259,246,279
52,regional-us-weekly-2017-12-22--2017-12-29.csv,105,8733,84,385,7,14,60,14,9859,70,148,126,14,97,84,56,63,70,12386,301,20056,385,8,11685,35,8,238,259,8,133,259,65,8,196,19355,27756,8,246,19325,210,28,77,56,140,5111,25535,71,9859,140,210,8,112,225,56,49,8,22247,469,133,7302,126,246,29,126,189,70,168,5961,10194,126,6706,8,336,91,91,2268,91,12,60,11685,1131,2643,5811,8,301,9,8763,8,19355,13741,49,41,8,385,259,189,8,2554,85,14,19408,182,18960,392,35,63,25900,196,21,385,331,259,203,21,7302,22005,17529,256,23,10224,126,22005,392,42,182,253,6907,238,196,64,95,14577,203,21547,49,434,2268,336,15,14,190,133,427,49,273,56,407,329,126,49,392,113,196,1120,7302,56,225,8,286,227,24,259,98,28,14577,252,1116,112,336,280,7,56,399,190,259,19325,266,14577,56,9128,59,2713,26,30,224,47,791,49,14,70,17529,518,7,10707,253,10665,126,469,385,140
